<?xml version="1.0"?>
 
<experiment xmlns="http://www.w3schools.com"
			xmlns:xsi="http://www.w3.org/2001/XMLSchema-instance"
			xsi:schemaLocation="experiment.xsd">
			
	<personnel>
		<investigator> 
			<name> Heidi Dempsey </name>
			<department> Psychology </department>
		</investigator>
		<investigator> 
			<name> David Dempsey </name>
			<department> Mathematics </department>
		</investigator>
		<investigator> 
			<name> Aaron Garrett </name>
			<department> Computer Science </department>
		</investigator>
	</personnel>

	<title> Discounting in Study Habits Experiment </title>
	<number> 1 </number>
	<instructions>
		All the instructions should go here and will be placed in the interface.
	</instructions>
	
	<methods>
		<!-- There are 3 different possibilities (right now) for the experiment methods: dl (double limit), da (decreasing adjustment), and mc (multiple choice). -->
		<!-- Each of these can be placed as many times and in any order that you choose. -->
		<!-- The time variables (maxTime and responseDelay) have an optional attribute called "units" that can be set to any of the following values: -->
		<!-- "seconds", "minutes", "hours", "days", or "weeks" -->
		<!-- The default value is "seconds" if it is left unspecified. -->
		<dl>
			<valueType> cookie </valueType>
			<minValue> 0.5 </minValue>
			<maxValue> 10 </maxValue>
			<maxTime units="minutes"> 2 </maxTime>
			<responseDelay units="seconds"> 3 </responseDelay>
		</dl>
		<da>
			<valueType> point </valueType>
			<minValue> 0.5 </minValue>
			<maxValue> 10 </maxValue>
			<maxTime units="minutes"> 2 </maxTime>
			<responseDelay> 1 </responseDelay>
			<numTrials> 7 </numTrials>
		</da>
		<dl>
			<valueType> vacation </valueType>
			<minValue> 0.5 </minValue>
			<maxValue> 10 </maxValue>
			<maxTime units="minutes"> 2 </maxTime>
			<responseDelay units="seconds"> 0 </responseDelay>
		</dl>
		<mc>
			<valueType> dollar </valueType>
			<minValue> 0.5 </minValue>
			<maxValue> 10 </maxValue>
			<maxTime units="minutes"> 2 </maxTime>
			<responseDelay units="seconds"> 1 </responseDelay>
			<distribution> Exponential </distribution>
			<choices>
				<item>
					<value> 0.01 </value>
					<time> 0 </time>
				</item>
				<item>
					<value> 0.5 </value>
					<time units="seconds"> 30 </time>
				</item>
				<item>
					<value> 1 </value>
					<time> 60 </time>
				</item>
			</choices>
		</mc>	
		<mc>
			<valueType> ice cream </valueType>
			<minValue> 1 </minValue>
			<maxValue> 15 </maxValue>
			<maxTime units="minutes"> 2 </maxTime>
			<responseDelay units="seconds"> 2 </responseDelay>
			<distribution> Logarithmic </distribution>
			<choices>
				<item>
					<value> 0.1 </value>
					<time> 0 </time>
				</item>
				<item>
					<value> 0.25 </value>
					<time units="seconds"> 10 </time>
				</item>
				<item>
					<value> 1 </value>
					<time> 30 </time>
				</item>
			</choices>
		</mc>	
	</methods>
	
</experiment>

